clase,IoU
0,0.422680412371134
1,0.07547169811320754
2,0.23809523809523808
3,0.2222222222222222
4,0.14285714285714285
