clase,IoU
0,0.32978723404255317
1,0.12903225806451613
2,0.21666666666666667
3,0.12903225806451613
4,0.0
