clase,IoU
0,0.514018691588785
1,0.09090909090909091
2,0.3181818181818182
3,0.07692307692307693
4,0.0
