clase,IoU
0,0.5272727272727272
1,0.02631578947368421
2,0.3188405797101449
3,0.0
4,0.3333333333333333
