,precision,recall,f1-score,support
0,0.6021505376344086,0.7516778523489933,0.6686567164179105,149.0
1,0.5257731958762887,0.34459459459459457,0.4163265306122449,148.0
2,0.41975308641975306,0.4563758389261745,0.43729903536977494,149.0
3,0.5380434782608695,0.6644295302013423,0.5945945945945946,149.0
4,0.8347826086956521,0.6442953020134228,0.7272727272727273,149.0
accuracy,0.5725806451612904,0.5725806451612904,0.5725806451612904,0.5725806451612904
macro avg,0.5841005813773944,0.5722746236169055,0.5688299208534504,744.0
weighted avg,0.5841789784009174,0.5725806451612904,0.5690348985285059,744.0
