,precision,recall,f1-score,support
0,0.9027777777777778,0.975,0.9375,200.0
1,0.4716981132075472,0.4166666666666667,0.4424778761061947,60.0
2,0.625,0.8024691358024691,0.7027027027027027,162.0
3,0.3076923076923077,0.12903225806451613,0.18181818181818182,31.0
4,0.5,0.10638297872340426,0.17543859649122806,47.0
accuracy,0.718,0.718,0.718,0.718
macro avg,0.5614336397355265,0.48591020785141115,0.4879874714236615,500.0
weighted avg,0.6862918077729399,0.718,0.6835369761513217,500.0
