,precision,recall,f1-score,support
0,0.9195979899497487,0.915,0.9172932330827067,200.0
1,0.35,0.4666666666666667,0.4,60.0
2,0.611764705882353,0.6419753086419753,0.6265060240963856,162.0
3,0.23809523809523808,0.16129032258064516,0.19230769230769232,31.0
4,0.3,0.19148936170212766,0.23376623376623376,47.0
accuracy,0.658,0.658,0.658,0.658
macro avg,0.4838915867854679,0.475284331918283,0.47397463665060363,500.0
weighted avg,0.6510128654476868,0.658,0.6518023479374144,500.0
