feature,importance
pix_0,2.018109379059453e-05
pix_1,2.4459135442952912e-05
pix_2,2.8312193968800157e-06
pix_3,3.105321422046255e-05
pix_4,1.6003530885245584e-06
pix_5,2.1140619186491025e-05
pix_6,4.669593334075869e-06
pix_7,1.868402921081951e-05
pix_8,1.1141862177026776e-05
pix_9,2.091332629757412e-05
