clase,IoU
0,0.6972423234891453
1,0.0
2,0.008413461538461538
3,0.03188405797101449
4,0.020761245674740483
