,precision,recall,f1-score,support
0,0.7417811069496463,0.9207128099173554,0.8216178843051394,3872.0
1,0.0,0.0,0.0,366.0
2,0.15555555555555556,0.008816120906801008,0.0166865315852205,794.0
3,0.04888888888888889,0.08396946564885496,0.06179775280898876,131.0
4,0.031746031746031744,0.05660377358490566,0.04067796610169491,106.0
accuracy,0.6811539191497438,0.6811539191497438,0.6811539191497438,0.6811539191497438
macro avg,0.19559431662802448,0.21402043401158338,0.18815602696020872,5269.0
weighted avg,0.5704036972916426,0.6811539191497438,0.6086469774402964,5269.0
