clase,IoU
0,0.24963609898107714
1,0.06601650412603151
2,0.08157099697885196
3,0.031569965870307165
4,0.026336173508907823
