Model,Accuracy,F1-Macro,F1-Micro,IoU-Macro,AUC-Macro,AUC-Micro,Train-Time (s)
RandomForest,0.7204403112545075,0.23038705155097908,0.7204403112545075,0.17796669863128156,0.649400374420267,0.8995682409720125,3.2599191665649414
LogisticRegression,0.24596697665591194,0.1573513726640085,0.24596697665591194,0.09102594789303511,0.5672005564095686,0.5620624899301613,9.836293458938599
LinearSVC,0.6811539191497438,0.18815602696020872,0.6811539191497438,0.15166021773467236,0.5095367625949485,0.8007211994685899,54.66209411621094
XGBoost,0.7342949326247865,0.17713978732564012,0.7342949326247865,0.15097735300045437,0.680417239729368,0.9099770639103786,5.609143018722534
