clase,IoU
0,0.7237590739650775
1,0.0171990171990172
2,0.09528688524590163
3,0.02631578947368421
4,0.02727272727272727
