clase,IoU
0,0.7354456957434625
1,0.0
2,0.019441069258809233
3,0.0
4,0.0
