,precision,recall,f1-score,support
0,0.7381226053639847,0.9950929752066116,0.8475582930048394,3872.0
1,0.0,0.0,0.0,366.0
2,0.35555555555555557,0.020151133501259445,0.03814064362336114,794.0
3,0.0,0.0,0.0,131.0
4,0.0,0.0,0.0,106.0
accuracy,0.7342949326247865,0.7342949326247865,0.7342949326247865,0.7342949326247865
macro avg,0.21873563218390807,0.20304882174157418,0.17713978732564012,5269.0
weighted avg,0.5959995898805199,0.7342949326247865,0.6285878499813412,5269.0
