,precision,recall,f1-score,support
0,0.9411764705882353,0.9477351916376306,0.9444444444444444,287.0
1,0.3958333333333333,0.31666666666666665,0.35185185185185186,60.0
2,0.5782608695652174,0.8260869565217391,0.680306905370844,161.0
3,0.45454545454545453,0.16129032258064516,0.23809523809523808,31.0
4,0.75,0.1276595744680851,0.21818181818181817,47.0
accuracy,0.742320819112628,0.742320819112628,0.742320819112628,0.742320819112628
macro avg,0.6239632256064481,0.47588774237495335,0.4865760515888393,586.0
weighted avg,0.744553850084868,0.742320819112628,0.7155828946533623,586.0
