model,acc_test,roc_macro
RF,0.742320819112628,0.8640410882262097
LinSVC,0.7098976109215017,
LogReg,0.6962457337883959,0.8287470746678272
