dataset,variant,model,acc_test,macro_f1,n_train,n_test,img_size,balanced_max
eyePACS,aug,LogReg,0.4195308237861429,0.42129312983521083,7329,1833,96x96,1000
eyePACS,aug,LinSVC,0.40807419530823785,0.40930910040446083,7329,1833,96x96,1000
eyePACS,aug,RF,0.5504637206764866,0.5545788914837795,7329,1833,96x96,1000
