feature,importance
pix_0,1.5709877385971551e-06
pix_1,2.2762224080241907e-06
pix_2,2.362834934282933e-06
pix_3,1.450334799367944e-06
pix_4,6.242003068916144e-06
pix_5,5.0795499268592734e-21
pix_6,1.3308170258762828e-06
pix_7,0.0
pix_8,0.0
pix_9,3.3371849555780265e-06
