clase,IoU
0,0.6967213114754098
1,0.1917808219178082
2,0.2967032967032967
3,0.07547169811320754
4,0.13157894736842105
