clase,IoU
0,0.425531914893617
1,0.1417910447761194
2,0.18235294117647058
3,0.07142857142857142
4,0.09782608695652174
