clase,IoU
0,0.8589743589743589
1,0.2777777777777778
2,0.4603174603174603
3,0.2222222222222222
4,0.1891891891891892
