,precision,recall,f1-score,support
0,0.9363636363636364,0.9537037037037037,0.944954128440367,216.0
1,0.4482758620689655,0.28888888888888886,0.35135135135135137,45.0
2,0.5739644970414202,0.8016528925619835,0.6689655172413793,121.0
3,0.5454545454545454,0.2608695652173913,0.35294117647058826,23.0
4,0.7272727272727273,0.22857142857142856,0.34782608695652173,35.0
accuracy,0.75,0.75,0.75,0.75
macro avg,0.646266253640259,0.5067372957886792,0.5332076520920415,440.0
weighted avg,0.7497196895219562,0.75,0.729902932369179,440.0
