clase,IoU
0,0.8956521739130435
1,0.21311475409836064
2,0.5025906735751295
3,0.21428571428571427
4,0.21052631578947367
