,precision,recall,f1-score,support
0,0.44970414201183434,0.5066666666666667,0.47648902821316613,150.0
1,0.4391891891891892,0.43333333333333335,0.436241610738255,150.0
2,0.42657342657342656,0.4066666666666667,0.41638225255972694,150.0
3,0.4869109947643979,0.62,0.5454545454545454,150.0
4,0.7676767676767676,0.5066666666666667,0.6104417670682731,150.0
accuracy,0.49466666666666664,0.49466666666666664,0.49466666666666664,0.49466666666666664
macro avg,0.5140109040431231,0.4946666666666667,0.49700184080679327,750.0
weighted avg,0.5140109040431231,0.49466666666666664,0.4970018408067934,750.0
