clase,IoU
0,0.31275720164609055
1,0.27896995708154504
2,0.2629310344827586
3,0.375
4,0.4393063583815029
