Model,Aptos2019_Acc,EyePACS_Acc,Aptos2019_F1,EyePACS_F1,Aptos2019_IoU,EyePACS_IoU
LinearSVC,,0.6811539191497438,,0.18815602696020872,0.2726018032009566,0.15166021773467236
LogisticRegression,,0.24596697665591194,,0.1573513726640085,0.18308499122476746,0.09102594789303511
RandomForest,,0.7204403112545075,,0.23038705155097908,0.4016962016962016,0.17796669863128156
XGBoost,,0.7342949326247865,,0.17713978732564012,0.40723392633234423,0.15097735300045437
