clase,IoU
0,0.22105263157894736
1,0.13106796116504854
2,0.09401709401709402
3,0.1881918819188192
4,0.20072992700729927
