clase,IoU
0,0.18243243243243243
1,0.06220095693779904
2,0.08018867924528301
3,0.12933753943217666
4,0.15593220338983052
