,precision,recall,f1-score,support
0,0.27,0.36,0.30857142857142855,150.0
1,0.18055555555555555,0.08666666666666667,0.11711711711711711,150.0
2,0.21518987341772153,0.11333333333333333,0.14847161572052403,150.0
3,0.1971153846153846,0.2733333333333333,0.22905027932960895,150.0
4,0.24083769633507854,0.30666666666666664,0.2697947214076246,150.0
accuracy,0.228,0.228,0.228,0.228
macro avg,0.22073970198474804,0.22799999999999998,0.21460103242926065,750.0
weighted avg,0.22073970198474802,0.228,0.21460103242926068,750.0
