,precision,recall,f1-score,support
0,0.305,0.40939597315436244,0.3495702005730659,149.0
1,0.28846153846153844,0.20270270270270271,0.23809523809523808,148.0
2,0.23893805309734514,0.18120805369127516,0.20610687022900764,149.0
3,0.30246913580246915,0.3288590604026846,0.31511254019292606,149.0
4,0.32727272727272727,0.3624161073825503,0.34394904458598724,149.0
accuracy,0.2970430107526882,0.2970430107526882,0.2970430107526882,0.2970430107526882
macro avg,0.292428290926816,0.296916379466715,0.29056677873524495,744.0
weighted avg,0.2924336225833553,0.2970430107526882,0.2906373049995461,744.0
