clase,IoU
0,0.17567567567567569
1,0.06666666666666667
2,0.07758620689655173
3,0.125
4,0.1543859649122807
