clase,IoU
0,0.21180555555555555
1,0.13513513513513514
2,0.1148936170212766
3,0.18702290076335878
4,0.2076923076923077
