Model,Accuracy,QWK,F1-Macro,F1-Micro,IoU-Macro,AUC-Macro,AUC-Micro,Train-Time (s)
RandomForest,0.6868279569892473,0.6823373975281928,0.6798397085482027,0.6868279569892473,0.528165222899877,0.8914115032916851,0.896942565614522,0.0
LogisticRegression,0.2970430107526882,0.22955671944293943,0.29056677873524495,0.2970430107526882,0.17130990323352674,0.6198278819962594,0.6215684255405248,0.0
LinearSVC,0.29301075268817206,0.20775161354637484,0.28336406261285524,0.29301075268817206,0.1670118991374417,0.5580441568972955,0.5581317204301075,0.0
XGBoost,0.6801075268817204,0.7027128118279011,0.6715244613191906,0.6801075268817204,0.5176221403135672,0.8906183779515796,0.8948970798647243,0.0
