,precision,recall,f1-score,support
0,0.5364238410596026,0.5436241610738255,0.54,149.0
1,0.6940298507462687,0.6283783783783784,0.6595744680851063,148.0
2,0.6379310344827587,0.4966442953020134,0.5584905660377358,149.0
3,0.7771084337349398,0.8657718120805369,0.819047619047619,149.0
4,0.7570621468926554,0.8993288590604027,0.8220858895705522,149.0
accuracy,0.6868279569892473,0.6868279569892473,0.6868279569892473,0.6868279569892473
macro avg,0.680511061383245,0.6867495011790314,0.6798397085482027,744.0
weighted avg,0.6804928909674345,0.6868279569892473,0.6798669467746317,744.0
