clase,IoU
0,0.21283783783783783
1,0.1574468085106383
2,0.167420814479638
3,0.16342412451361868
4,0.25301204819277107
