clase,IoU
0,0.3698630136986301
1,0.49206349206349204
2,0.387434554973822
3,0.6935483870967742
4,0.6979166666666666
