clase,IoU
0,0.3867924528301887
1,0.43842364532019706
2,0.39344262295081966
3,0.6684210526315789
4,0.7010309278350515
