,precision,recall,f1-score,support
0,0.3054187192118227,0.41333333333333333,0.35127478753541075,150.0
1,0.29838709677419356,0.24666666666666667,0.27007299270072993,150.0
2,0.3170731707317073,0.26,0.2857142857142857,150.0
3,0.33774834437086093,0.34,0.3388704318936877,150.0
4,0.42953020134228187,0.4266666666666667,0.4280936454849498,150.0
accuracy,0.3373333333333333,0.3373333333333333,0.3373333333333333,0.3373333333333333
macro avg,0.3376315064861733,0.3373333333333334,0.3348052286658128,750.0
weighted avg,0.3376315064861733,0.3373333333333333,0.3348052286658128,750.0
