clase,IoU
0,0.21305841924398625
1,0.15611814345991562
2,0.16666666666666666
3,0.204
4,0.2723404255319149
