,precision,recall,f1-score,support
0,0.5655172413793104,0.5503355704697986,0.5578231292517006,149.0
1,0.6180555555555556,0.6013513513513513,0.6095890410958904,148.0
2,0.6792452830188679,0.48322147651006714,0.5647058823529412,149.0
3,0.7559523809523809,0.8523489932885906,0.8012618296529969,149.0
4,0.7513812154696132,0.912751677852349,0.8242424242424242,149.0
accuracy,0.6801075268817204,0.6801075268817204,0.6801075268817204,0.6801075268817204
macro avg,0.6740303352751456,0.6800018138944313,0.6715244613191906,744.0
weighted avg,0.6741055701941235,0.6801075268817204,0.6716077078517488,744.0
