,precision,recall,f1-score,support
0,0.5565217391304348,0.6808510638297872,0.6124401913875598,94.0
1,0.22857142857142856,0.1951219512195122,0.21052631578947367,41.0
2,0.375,0.3157894736842105,0.34285714285714286,57.0
3,0.1,0.07142857142857142,0.08333333333333333,14.0
4,0.0,0.0,0.0,4.0
accuracy,0.43333333333333335,0.43333333333333335,0.43333333333333335,0.43333333333333335
macro avg,0.2520186335403727,0.25263821203241627,0.2498313966735019,210.0
weighted avg,0.40218796214137836,0.43333333333333335,0.4138594321301088,210.0
