,precision,recall,f1-score,support
0,0.5925925925925926,0.851063829787234,0.6986899563318777,94.0
1,0.2,0.04878048780487805,0.0784313725490196,41.0
2,0.4262295081967213,0.45614035087719296,0.4406779661016949,57.0
3,0.6666666666666666,0.14285714285714285,0.23529411764705882,14.0
4,0.0,0.0,0.0,4.0
accuracy,0.5238095238095238,0.5238095238095238,0.5238095238095238,0.5238095238095238
macro avg,0.3770977534911961,0.2997683622652896,0.2906186825259302,210.0
weighted avg,0.4644386619250007,0.5238095238095238,0.4633585899264845,210.0
