,precision,recall,f1-score,support
0,0.5486725663716814,0.6595744680851063,0.5990338164251208,94.0
1,0.21875,0.17073170731707318,0.1917808219178082,41.0
2,0.375,0.3684210526315789,0.37168141592920356,57.0
3,0.1111111111111111,0.07142857142857142,0.08695652173913043,14.0
4,0.0,0.0,0.0,4.0
accuracy,0.43333333333333335,0.43333333333333335,0.43333333333333335,0.43333333333333335
macro avg,0.25070673549655853,0.25403115989246594,0.24989051520225258,210.0
weighted avg,0.3974977466404457,0.43333333333333335,0.41226392597573297,210.0
