model,acc_test,roc_macro
RF,0.5238095238095238,0.7066050530951002
LogReg,0.43333333333333335,0.6780034138046123
LinSVC,0.43333333333333335,
