,precision,recall,f1-score,support
0,0.5625,0.45,0.5,20.0
1,0.0,0.0,0.0,3.0
2,0.45,0.42857142857142855,0.43902439024390244,21.0
3,0.2,0.18181818181818182,0.19047619047619047,11.0
4,0.2,0.2857142857142857,0.23529411764705882,7.0
accuracy,0.3548387096774194,0.3548387096774194,0.3548387096774194,0.3548387096774194
macro avg,0.2825,0.26922077922077925,0.2729589396734303,62.0
weighted avg,0.39193548387096777,0.3548387096774194,0.37035175990144287,62.0
