clase,IoU
0,0.3333333333333333
1,0.0
2,0.28125
3,0.10526315789473684
4,0.13333333333333333
