,precision,recall,f1-score,support
0,0.625,0.5,0.5555555555555556,20.0
1,0.0,0.0,0.0,3.0
2,0.47058823529411764,0.38095238095238093,0.42105263157894735,21.0
3,0.2222222222222222,0.18181818181818182,0.2,11.0
4,0.15384615384615385,0.2857142857142857,0.2,7.0
accuracy,0.3548387096774194,0.3548387096774194,0.3548387096774194,0.3548387096774194
macro avg,0.29433132227249875,0.2696969696969697,0.2753216374269006,62.0
weighted avg,0.41780194294425793,0.3548387096774194,0.3798905866817581,62.0
