clase,IoU
0,0.38461538461538464
1,0.0
2,0.26666666666666666
3,0.1111111111111111
4,0.1111111111111111
