,precision,recall,f1-score,support
0,0.5161290322580645,0.8,0.6274509803921569,20.0
1,0.0,0.0,0.0,3.0
2,0.42857142857142855,0.42857142857142855,0.42857142857142855,21.0
3,0.2222222222222222,0.18181818181818182,0.2,11.0
4,0.0,0.0,0.0,7.0
accuracy,0.43548387096774194,0.43548387096774194,0.43548387096774194,0.43548387096774194
macro avg,0.23338453661034303,0.2820779220779221,0.2512044817927171,62.0
weighted avg,0.3510810498323505,0.43548387096774194,0.3830487033523086,62.0
