clase,IoU
0,0.45714285714285713
1,0.0
2,0.2727272727272727
3,0.1111111111111111
4,0.0
