clase,IoU
0,0.42857142857142855
1,0.0
2,0.23529411764705882
3,0.10526315789473684
4,0.0
