,precision,recall,f1-score,support
0,0.5,0.75,0.6,20.0
1,0.0,0.0,0.0,3.0
2,0.38095238095238093,0.38095238095238093,0.38095238095238093,21.0
3,0.2,0.18181818181818182,0.19047619047619047,11.0
4,0.0,0.0,0.0,7.0
accuracy,0.4032258064516129,0.4032258064516129,0.4032258064516129,0.4032258064516129
macro avg,0.21619047619047618,0.26255411255411254,0.23428571428571426,62.0
weighted avg,0.3258064516129032,0.4032258064516129,0.3563748079877112,62.0
