,precision,recall,f1-score,support
0,0.7737752161383286,0.728206121658272,0.7502994011976047,5162.0
1,0.09771986970684039,0.12269938650306748,0.10879419764279238,489.0
2,0.20018281535648993,0.20699432892249528,0.20353159851301114,1058.0
3,0.06319702602230483,0.09714285714285714,0.07657657657657657,175.0
4,0.09947643979057591,0.13380281690140844,0.11411411411411411,142.0
accuracy,0.5798462852263023,0.5798462852263023,0.5798462852263023,0.5798462852263023
macro avg,0.24687027340290793,0.2577691022256201,0.25066317760881984,7026.0
weighted avg,0.6090223789701151,0.5798462852263023,0.5936788226531784,7026.0
