model,acc_test,roc_macro
RF,0.7345573583831483,0.665958672963575
LinSVC,0.5798462852263023,
LogReg,0.4886137204668375,0.5838040656946349
