,precision,recall,f1-score,support
0,0.554945054945055,0.6778523489932886,0.6102719033232629,149.0
1,0.45390070921985815,0.43243243243243246,0.4429065743944637,148.0
2,0.5242718446601942,0.3624161073825503,0.42857142857142855,149.0
3,0.5263157894736842,0.6040268456375839,0.5625,149.0
4,0.7210884353741497,0.7114093959731543,0.7162162162162162,149.0
accuracy,0.5577956989247311,0.5577956989247311,0.5577956989247311,0.5577956989247311
macro avg,0.5561043667345882,0.5576274260838019,0.5520932245010743,744.0
weighted avg,0.5562417372420005,0.5577956989247311,0.5522399807512176,744.0
