,precision,recall,f1-score,support
0,0.47297297297297297,0.4666666666666667,0.4697986577181208,150.0
1,0.40522875816993464,0.41333333333333333,0.40924092409240925,150.0
2,0.4338235294117647,0.3933333333333333,0.4125874125874126,150.0
3,0.5337423312883436,0.58,0.5559105431309904,150.0
4,0.6333333333333333,0.6333333333333333,0.6333333333333333,150.0
accuracy,0.49733333333333335,0.49733333333333335,0.49733333333333335,0.49733333333333335
macro avg,0.4958201850352698,0.49733333333333335,0.49617417417245324,750.0
weighted avg,0.49582018503526987,0.49733333333333335,0.4961741741724533,750.0
