,precision,recall,f1-score,support
0,0.4897959183673469,0.48,0.48484848484848486,150.0
1,0.4276315789473684,0.43333333333333335,0.4304635761589404,150.0
2,0.43795620437956206,0.4,0.4181184668989547,150.0
3,0.4967741935483871,0.5133333333333333,0.5049180327868853,150.0
4,0.6289308176100629,0.6666666666666666,0.6472491909385113,150.0
accuracy,0.49866666666666665,0.49866666666666665,0.49866666666666665,0.49866666666666665
macro avg,0.4962177425705455,0.49866666666666665,0.49711955032635524,750.0
weighted avg,0.49621774257054546,0.49866666666666665,0.4971195503263553,750.0
