clase,IoU
0,0.30701754385964913
1,0.2572614107883817
2,0.2599118942731278
3,0.38495575221238937
4,0.4634146341463415
