,precision,recall,f1-score,support
0,0.5654450261780105,0.72,0.6334310850439883,150.0
1,0.5172413793103449,0.4,0.45112781954887216,150.0
2,0.5136986301369864,0.5,0.5067567567567568,150.0
3,0.5226130653266332,0.6933333333333334,0.5959885386819485,150.0
4,0.826530612244898,0.54,0.6532258064516129,150.0
accuracy,0.5706666666666667,0.5706666666666667,0.5706666666666667,0.5706666666666667
macro avg,0.5891057426393747,0.5706666666666667,0.5681060012966357,750.0
weighted avg,0.5891057426393745,0.5706666666666667,0.5681060012966358,750.0
