,precision,recall,f1-score,support
0,0.5064377682403434,0.7919463087248322,0.6178010471204188,149.0
1,0.4083333333333333,0.3310810810810811,0.3656716417910448,148.0
2,0.49038461538461536,0.3422818791946309,0.4031620553359684,149.0
3,0.6148148148148148,0.5570469798657718,0.5845070422535211,149.0
4,0.7105263157894737,0.7248322147651006,0.717607973421927,149.0
accuracy,0.5497311827956989,0.5497311827956989,0.5497311827956989,0.5497311827956989
macro avg,0.5460993695125161,0.5494376927262834,0.537749951984576,744.0
weighted avg,0.5462845389159827,0.5497311827956989,0.5379812400359114,744.0
