,precision,recall,f1-score,support
0,0.4697986577181208,0.4666666666666667,0.4682274247491639,150.0
1,0.449438202247191,0.5333333333333333,0.4878048780487805,150.0
2,0.49107142857142855,0.36666666666666664,0.4198473282442748,150.0
3,0.538860103626943,0.6933333333333334,0.6064139941690962,150.0
4,0.7796610169491526,0.6133333333333333,0.6865671641791045,150.0
accuracy,0.5346666666666666,0.5346666666666666,0.5346666666666666,0.5346666666666666
macro avg,0.5457658818225672,0.5346666666666666,0.5337721578780841,750.0
weighted avg,0.5457658818225671,0.5346666666666666,0.533772157878084,750.0
