,precision,recall,f1-score,support
0,0.0,0.0,0.0,150.0
1,0.3333333333333333,0.02666666666666667,0.04938271604938271,150.0
2,0.0,0.0,0.0,150.0
3,0.2018970189701897,0.9933333333333333,0.3355855855855856,150.0
4,0.0,0.0,0.0,150.0
accuracy,0.204,0.204,0.204,0.204
macro avg,0.1070460704607046,0.20400000000000001,0.07699366032699366,750.0
weighted avg,0.1070460704607046,0.204,0.07699366032699366,750.0
