,precision,recall,f1-score,support
0,0.9209183673469388,0.9025,0.9116161616161617,400.0
1,0.4962962962962963,0.5583333333333333,0.5254901960784314,120.0
2,0.6754385964912281,0.7151702786377709,0.6947368421052632,323.0
3,0.4727272727272727,0.41935483870967744,0.4444444444444444,62.0
4,0.41333333333333333,0.32978723404255317,0.3668639053254438,94.0
accuracy,0.7167167167167167,0.7167167167167167,0.7167167167167167,0.7167167167167167
macro avg,0.5957427732390139,0.5850291369446671,0.5886303099139488,999.0
weighted avg,0.7149669603637857,0.7167167167167167,0.7148609117437675,999.0
