,precision,recall,f1-score,support
0,0.9191919191919192,0.91,0.914572864321608,400.0
1,0.44881889763779526,0.475,0.46153846153846156,120.0
2,0.660056657223796,0.7213622291021672,0.6893491124260355,323.0
3,0.5102040816326531,0.4032258064516129,0.45045045045045046,62.0
4,0.4189189189189189,0.32978723404255317,0.36904761904761907,94.0
accuracy,0.7107107107107107,0.7107107107107107,0.7107107107107107,0.7107107107107107
macro avg,0.5914380949210164,0.5678750539192666,0.5769917015568349,999.0
weighted avg,0.7064508179341261,0.7107107107107107,0.707199127672945,999.0
