dataset,variant,model,acc_test,macro_f1,n_train,n_test,img_size,balanced_max
aptos_2019,aug,LogReg,0.7167167167167167,0.5886303099139488,3993,999,96x96,1000
aptos_2019,aug,LinSVC,0.7107107107107107,0.5769917015568349,3993,999,96x96,1000
aptos_2019,aug,RF,0.7787787787787788,0.6252866376211669,3993,999,96x96,1000
