feature,importance
pix_0,8.138484540425204e-06
pix_1,1.3395132273913746e-06
pix_2,1.755528925875523e-05
pix_3,1.5562604349345156e-05
pix_4,7.63383806334569e-07
pix_5,1.8964920874707722e-06
pix_6,2.4201991574253876e-05
pix_7,6.886360300605319e-07
pix_8,7.020320070762399e-07
pix_9,1.0964505721506898e-05
