Clase,Total real,Aciertos,Recall,Recall (%)
No RD,150,92,0.6133333333333333,61.33333333333333
Leve,150,65,0.43333333333333335,43.333333333333336
Moderado,150,79,0.5266666666666666,52.666666666666664
Severo,150,90,0.6,60.0
PRD,150,89,0.5933333333333334,59.333333333333336
