,Pred: No RD,Pred: Leve,Pred: Moderado,Pred: Severo,Pred: PRD
Real: No RD,0.6133333333333333,0.29333333333333333,0.08,0.006666666666666667,0.006666666666666667
Real: Leve,0.36666666666666664,0.43333333333333335,0.16,0.03333333333333333,0.006666666666666667
Real: Moderado,0.11333333333333333,0.14,0.5266666666666666,0.18,0.04
Real: Severo,0.013333333333333334,0.04666666666666667,0.24,0.6,0.1
Real: PRD,0.013333333333333334,0.02666666666666667,0.1,0.26666666666666666,0.5933333333333334
