,Pred: No RD,Pred: Leve,Pred: Moderado,Pred: Severo,Pred: PRD
Real: No RD,0.6666666666666666,0.26666666666666666,0.06666666666666667,0.0,0.0
Real: Leve,0.3548387096774194,0.43548387096774194,0.1935483870967742,0.016129032258064516,0.0
Real: Moderado,0.021739130434782608,0.13043478260869565,0.43478260869565216,0.41304347826086957,0.0
Real: Severo,0.0,0.0,0.0,1.0,0.0
Real: PRD,0.0,0.0,0.0,0.7142857142857143,0.2857142857142857
