Clase,Total real,Aciertos,Recall,Recall (%)
No RD,15,10,0.6666666666666666,66.66666666666666
Leve,62,27,0.43548387096774194,43.54838709677419
Moderado,46,20,0.43478260869565216,43.47826086956522
Severo,62,62,1.0,100.0
PRD,21,6,0.2857142857142857,28.57142857142857
