,Pred: No RD,Pred: Leve,Pred: Moderado,Pred: Severo,Pred: PRD
Real: No RD,0.5333333333333333,0.38,0.04666666666666667,0.02666666666666667,0.013333333333333334
Real: Leve,0.4666666666666667,0.36,0.14,0.03333333333333333,0.0
Real: Moderado,0.15333333333333332,0.16,0.36,0.26,0.06666666666666667
Real: Severo,0.03333333333333333,0.04,0.14,0.6733333333333333,0.11333333333333333
Real: PRD,0.03333333333333333,0.02666666666666667,0.06,0.41333333333333333,0.4666666666666667
