Clase,Total real,Aciertos,Recall,Recall (%)
No RD,150,80,0.5333333333333333,53.333333333333336
Leve,150,54,0.36,36.0
Moderado,150,54,0.36,36.0
Severo,150,101,0.6733333333333333,67.33333333333333
PRD,150,70,0.4666666666666667,46.666666666666664
