Clase,Total real,Aciertos,Recall,Recall (%)
No RD,150,54,0.36,36.0
Leve,150,13,0.08666666666666667,8.666666666666668
Moderado,150,17,0.11333333333333333,11.333333333333332
Severo,150,41,0.2733333333333333,27.333333333333332
PRD,150,46,0.30666666666666664,30.666666666666664
