Clase,Total real,Aciertos,Recall,Recall (%)
No RD,150,52,0.3466666666666667,34.66666666666667
Leve,150,15,0.1,10.0
Moderado,150,18,0.12,12.0
Severo,150,37,0.24666666666666667,24.666666666666668
PRD,150,44,0.29333333333333333,29.333333333333332
