,Pred: No RD,Pred: Leve,Pred: Moderado,Pred: Severo,Pred: PRD
Real: No RD,0.3466666666666667,0.10666666666666667,0.17333333333333334,0.22666666666666666,0.14666666666666667
Real: Leve,0.3466666666666667,0.1,0.1,0.24666666666666667,0.20666666666666667
Real: Moderado,0.22666666666666666,0.16666666666666666,0.12,0.24666666666666667,0.24
Real: Severo,0.24,0.10666666666666667,0.1,0.24666666666666667,0.30666666666666664
Real: PRD,0.16,0.12,0.17333333333333334,0.25333333333333335,0.29333333333333333
