,Pred: No RD,Pred: Leve,Pred: Moderado,Pred: Severo,Pred: PRD
Real: No RD,0.6133333333333333,0.31333333333333335,0.02666666666666667,0.04,0.006666666666666667
Real: Leve,0.30666666666666664,0.5666666666666667,0.04666666666666667,0.06666666666666667,0.013333333333333334
Real: Moderado,0.10666666666666667,0.26666666666666666,0.18,0.41333333333333333,0.03333333333333333
Real: Severo,0.02666666666666667,0.04666666666666667,0.06,0.8,0.06666666666666667
Real: PRD,0.006666666666666667,0.02,0.02,0.41333333333333333,0.54
