Clase,Total real,Aciertos,Recall,Recall (%)
No RD,150,92,0.6133333333333333,61.33333333333333
Leve,150,85,0.5666666666666667,56.666666666666664
Moderado,150,27,0.18,18.0
Severo,150,120,0.8,80.0
PRD,150,81,0.54,54.0
