Clase,Total real,Aciertos,Recall,Recall (%)
No RD,150,63,0.42,42.0
Leve,150,37,0.24666666666666667,24.666666666666668
Moderado,150,37,0.24666666666666667,24.666666666666668
Severo,150,42,0.28,28.000000000000004
PRD,150,63,0.42,42.0
