,Pred: No RD,Pred: Leve,Pred: Moderado,Pred: Severo,Pred: PRD
Real: No RD,0.42,0.16666666666666666,0.14666666666666667,0.16666666666666666,0.1
Real: Leve,0.38666666666666666,0.24666666666666667,0.06666666666666667,0.14666666666666667,0.15333333333333332
Real: Moderado,0.2,0.15333333333333332,0.24666666666666667,0.2,0.2
Real: Severo,0.20666666666666667,0.16,0.14666666666666667,0.28,0.20666666666666667
Real: PRD,0.18,0.08666666666666667,0.11333333333333333,0.2,0.42
