,Pred: No RD,Pred: Leve,Pred: Moderado,Pred: Severo,Pred: PRD
Real: No RD,0.72,0.19333333333333333,0.06666666666666667,0.013333333333333334,0.006666666666666667
Real: Leve,0.42,0.4,0.14666666666666667,0.02666666666666667,0.006666666666666667
Real: Moderado,0.08666666666666667,0.15333333333333332,0.5,0.24,0.02
Real: Severo,0.02666666666666667,0.02,0.18,0.6933333333333334,0.08
Real: PRD,0.02,0.006666666666666667,0.08,0.35333333333333333,0.54
