Clase,Total real,Aciertos,Recall,Recall (%)
No RD,150,108,0.72,72.0
Leve,150,60,0.4,40.0
Moderado,150,75,0.5,50.0
Severo,150,104,0.6933333333333334,69.33333333333334
PRD,150,81,0.54,54.0
