Clase,Total real,Aciertos,Recall,Recall (%)
No RD,150,62,0.41333333333333333,41.333333333333336
Leve,150,37,0.24666666666666667,24.666666666666668
Moderado,150,39,0.26,26.0
Severo,150,51,0.34,34.0
PRD,150,64,0.4266666666666667,42.66666666666667
