,Pred: No RD,Pred: Leve,Pred: Moderado,Pred: Severo,Pred: PRD
Real: No RD,0.41333333333333333,0.17333333333333334,0.18,0.15333333333333332,0.08
Real: Leve,0.38,0.24666666666666667,0.14666666666666667,0.12666666666666668,0.1
Real: Moderado,0.20666666666666667,0.15333333333333332,0.26,0.2,0.18
Real: Severo,0.17333333333333334,0.16666666666666666,0.11333333333333333,0.34,0.20666666666666667
Real: PRD,0.18,0.08666666666666667,0.12,0.18666666666666668,0.4266666666666667
