,precision,recall,f1-score,support
0,0.7857142857142857,0.7665505226480837,0.7760141093474426,287.0
1,0.31683168316831684,0.5333333333333333,0.39751552795031053,60.0
2,0.3333333333333333,0.08074534161490683,0.13,161.0
3,0.13,0.41935483870967744,0.1984732824427481,31.0
4,0.15151515151515152,0.2127659574468085,0.17699115044247787,47.0
accuracy,0.49146757679180886,0.49146757679180886,0.49146757679180886,0.49146757679180886
macro avg,0.34347889074621746,0.40254999875056197,0.33579881403659584,586.0
weighted avg,0.5278631054231703,0.49146757679180886,0.4811744656762053,586.0
