model,acc_test,roc_macro
RF,0.6860068259385665,0.8120501984776973
SVM_RBF,0.5733788395904437,0.7997727022236435
LogReg,0.49146757679180886,0.7399737899829739
