feature,importance
feat_2,0.31274340217241886
feat_1,0.23695380496280427
feat_0,0.2338325635306174
feat_3,0.21647022933415955
