feature,importance
Exud_px,0.31274340217241886
Hemo_px,0.23695380496280427
MA_px,0.2338325635306174
vessel_pctFOV,0.21647022933415955
