,precision,recall,f1-score,support
0,0.5739130434782609,0.7021276595744681,0.631578947368421,94.0
1,0.25806451612903225,0.1951219512195122,0.2222222222222222,41.0
2,0.43859649122807015,0.43859649122807015,0.43859649122807015,57.0
3,0.0,0.0,0.0,14.0
4,0.0,0.0,0.0,4.0
accuracy,0.4714285714285714,0.4714285714285714,0.4714285714285714,0.4714285714285714
macro avg,0.25411481016707266,0.2671692204044101,0.25847953216374264,210.0
weighted avg,0.42632605356308023,0.4714285714285714,0.44514062935115567,210.0
