,precision,recall,f1-score,support
0,0.5714285714285714,0.5957446808510638,0.5833333333333334,94.0
1,0.27906976744186046,0.2926829268292683,0.2857142857142857,41.0
2,0.421875,0.47368421052631576,0.4462809917355372,57.0
3,0.0,0.0,0.0,14.0
4,0.0,0.0,0.0,4.0
accuracy,0.4523809523809524,0.4523809523809524,0.4523809523809524,0.4523809523809524
macro avg,0.2544746677740864,0.27242236364132955,0.26306572215663127,210.0
weighted avg,0.42477629133048567,0.4523809523809524,0.4380268360787841,210.0
