,precision,recall,f1-score,support
0,0.5873015873015873,0.7872340425531915,0.6727272727272727,94.0
1,0.3157894736842105,0.14634146341463414,0.2,41.0
2,0.40625,0.45614035087719296,0.4297520661157025,57.0
3,0.0,0.0,0.0,14.0
4,0.0,0.0,0.0,4.0
accuracy,0.5047619047619047,0.5047619047619047,0.5047619047619047,0.5047619047619047
macro avg,0.26186821219715956,0.27794317136900376,0.26049586776859507,210.0
weighted avg,0.4348093696542945,0.5047619047619047,0.4568201495474223,210.0
