dataset,variant,model,acc_test,macro_f1,n_train,n_test,img_size,balanced_max
messidor,noaug,LogReg,0.4714285714285714,0.25847953216374264,836,210,96x96,1000
messidor,noaug,LinSVC,0.4523809523809524,0.26306572215663127,836,210,96x96,1000
messidor,noaug,RF,0.5047619047619047,0.26049586776859507,836,210,96x96,1000
