feature,importance
pix_0,4.777283974807245e-06
pix_1,3.2412974228039977e-06
pix_2,1.168094842969833e-20
pix_3,0.0
pix_4,0.0
pix_5,0.0
pix_6,0.0
pix_7,0.0
pix_8,5.386280627644157e-06
pix_9,0.0
