dataset,variant,model,acc_test,macro_f1,n_train,n_test,img_size,balanced_max
idrid,noaug,LogReg,0.43373493975903615,0.2862540967804126,330,83,96x96,1000
idrid,noaug,LinSVC,0.5060240963855421,0.356746567272883,330,83,96x96,1000
idrid,noaug,RF,0.4457831325301205,0.29142085984191246,330,83,96x96,1000
