feature,importance
pix_0,0.0
pix_1,1.565008813757868e-05
pix_2,5.682050549299139e-05
pix_3,0.0
pix_4,0.0
pix_5,0.0
pix_6,0.0
pix_7,0.0
pix_8,0.0
pix_9,0.0
