clase,IoU
0,0.8448275862068966
1,0.2987012987012987
2,0.45054945054945056
3,0.24242424242424243
4,0.20512820512820512
