clase,IoU
0,0.8826086956521739
1,0.22580645161290322
2,0.49230769230769234
3,0.20689655172413793
4,0.18421052631578946
