,precision,recall,f1-score,support
0,0.2835249042145594,0.37,0.3210412147505423,200.0
1,0.28078817733990147,0.285,0.28287841191067,200.0
2,0.26903553299492383,0.265,0.26700251889168763,200.0
3,0.35668789808917195,0.32,0.3373493975903614,175.0
4,0.35353535353535354,0.24647887323943662,0.29045643153526973,142.0
accuracy,0.2998909487459106,0.2998909487459106,0.2998909487459106,0.2998909487459106
macro avg,0.308714373234782,0.29729577464788737,0.29974559493570624,917.0
weighted avg,0.30457156518811584,0.2998909487459106,0.29930794652879117,917.0
