,precision,recall,f1-score,support
0,0.27461139896373055,0.265,0.2697201017811705,200.0
1,0.21428571428571427,0.21,0.21212121212121213,200.0
2,0.2457627118644068,0.29,0.26605504587155965,200.0
3,0.2893081761006289,0.26285714285714284,0.2754491017964072,175.0
4,0.24812030075187969,0.2323943661971831,0.24,142.0
accuracy,0.2529989094874591,0.2529989094874591,0.2529989094874591,0.2529989094874591
macro avg,0.25441766039327207,0.2520503018108652,0.25266909231406987,917.0
weighted avg,0.2538647530503242,0.2529989094874591,0.2528493617984294,917.0
