dataset,variant,model,acc_test,macro_f1,n_train,n_test,img_size,balanced_max
eyePACS,noaug,LogReg,0.2737186477644493,0.27538507479103524,3664,917,96x96,1000
eyePACS,noaug,LinSVC,0.2529989094874591,0.25266909231406987,3664,917,96x96,1000
eyePACS,noaug,RF,0.2998909487459106,0.29974559493570624,3664,917,96x96,1000
