feature,importance
pix_0,2.9922221873215316e-06
pix_1,5.357427550085585e-06
pix_2,5.643651074337598e-06
pix_3,0.0
pix_4,6.435539842096687e-06
pix_5,0.0
pix_6,0.0
pix_7,4.683462458692968e-06
pix_8,1.2133694351051715e-06
pix_9,1.2724213829636803e-20
