clase,IoU
0,0.463519313304721
1,0.2912621359223301
2,0.3393665158371041
3,0.42448979591836733
4,0.48502994011976047
