,precision,recall,f1-score,support
0,0.5476190476190477,0.6133333333333333,0.5786163522012578,150.0
1,0.46099290780141844,0.43333333333333335,0.44673539518900346,150.0
2,0.4759036144578313,0.5266666666666666,0.5,150.0
3,0.5521472392638037,0.6,0.5750798722044729,150.0
4,0.7946428571428571,0.5933333333333334,0.6793893129770993,150.0
accuracy,0.5533333333333333,0.5533333333333333,0.5533333333333333,0.5533333333333333
macro avg,0.5662611332569917,0.5533333333333333,0.5559641865143667,750.0
weighted avg,0.5662611332569917,0.5533333333333333,0.5559641865143667,750.0
