clase,IoU
0,0.40707964601769914
1,0.28761061946902655
2,0.3333333333333333
3,0.40358744394618834
4,0.5144508670520231
