,precision,recall,f1-score,support
0,0.5210084033613446,0.8322147651006712,0.6408268733850129,149.0
1,0.48148148148148145,0.2635135135135135,0.3406113537117904,148.0
2,0.48,0.48322147651006714,0.4816053511705686,149.0
3,0.688,0.5771812080536913,0.6277372262773723,149.0
4,0.7333333333333333,0.738255033557047,0.7357859531772575,149.0
accuracy,0.5793010752688172,0.5793010752688172,0.5793010752688172,0.5793010752688172
macro avg,0.5807646436352318,0.578877199346998,0.5653133515444003,744.0
weighted avg,0.5808980887456535,0.5793010752688172,0.5656153703586915,744.0
