,precision,recall,f1-score,support
0,0.6162162162162163,0.76,0.6805970149253732,150.0
1,0.5161290322580645,0.5333333333333333,0.5245901639344263,150.0
2,0.5263157894736842,0.4666666666666667,0.49469964664310956,150.0
3,0.625,0.5,0.5555555555555556,150.0
4,0.6687898089171974,0.7,0.6840390879478827,150.0
accuracy,0.592,0.592,0.592,0.592
macro avg,0.5904901693730324,0.592,0.5878962938012694,750.0
weighted avg,0.5904901693730324,0.592,0.5878962938012695,750.0
