model,acc_test,roc_macro
LogReg,0.4819277108433735,0.6957612421112406
RF,0.46987951807228917,0.6769162454300256
LinSVC,0.43373493975903615,
