,precision,recall,f1-score,support
0,0.4371584699453552,0.5333333333333333,0.4804804804804805,150.0
1,0.3724137931034483,0.36,0.36610169491525424,150.0
2,0.48214285714285715,0.36,0.4122137404580153,150.0
3,0.4786729857819905,0.6733333333333333,0.5595567867036011,150.0
4,0.7070707070707071,0.4666666666666667,0.5622489959839357,150.0
accuracy,0.4786666666666667,0.4786666666666667,0.4786666666666667,0.4786666666666667
macro avg,0.4954917626088716,0.4786666666666667,0.4761203397082574,750.0
weighted avg,0.4954917626088716,0.4786666666666667,0.4761203397082574,750.0
