clase,IoU
0,0.31620553359683795
1,0.22406639004149378
2,0.25961538461538464
3,0.38846153846153847
4,0.39106145251396646
