,precision,recall,f1-score,support
0,0.6521739130434783,0.8333333333333334,0.7317073170731707,54.0
1,0.5,0.25,0.3333333333333333,8.0
2,0.5205479452054794,0.7037037037037037,0.5984251968503937,54.0
3,0.75,0.4,0.5217391304347826,30.0
4,0.75,0.15,0.25,20.0
accuracy,0.6024096385542169,0.6024096385542169,0.6024096385542169,0.6024096385542169
macro avg,0.6345443716497916,0.4674074074074074,0.487040995538336,166.0
weighted avg,0.6314878334062874,0.6024096385542169,0.5731686525998954,166.0
