dataset,variant,model,acc_test,macro_f1,n_train,n_test,img_size,balanced_max
idrid,aug,LogReg,0.5301204819277109,0.4266311466311466,660,166,96x96,1000
idrid,aug,LinSVC,0.5421686746987951,0.431970094139269,660,166,96x96,1000
idrid,aug,RF,0.6024096385542169,0.487040995538336,660,166,96x96,1000
