,precision,recall,f1-score,support
0,0.5786163522012578,0.6133333333333333,0.5954692556634305,150.0
1,0.46703296703296704,0.5666666666666667,0.5120481927710844,150.0
2,0.54,0.18,0.27,150.0
3,0.46153846153846156,0.8,0.5853658536585366,150.0
4,0.8181818181818182,0.54,0.6506024096385542,150.0
accuracy,0.54,0.54,0.54,0.54
macro avg,0.5730739197909009,0.54,0.5226971423463211,750.0
weighted avg,0.5730739197909009,0.54,0.5226971423463211,750.0
