,precision,recall,f1-score,support
0,0.6612903225806451,0.8723404255319149,0.7522935779816514,188.0
1,0.7555555555555555,0.41975308641975306,0.5396825396825397,81.0
2,0.6605504587155964,0.631578947368421,0.6457399103139013,114.0
3,0.42857142857142855,0.21428571428571427,0.2857142857142857,28.0
4,0.3333333333333333,0.125,0.18181818181818182,8.0
accuracy,0.6610978520286396,0.6610978520286396,0.6610978520286396,0.6610978520286396
macro avg,0.5678602197513117,0.45259163472116065,0.4810496991021119,419.0
weighted avg,0.6574988057408256,0.6610978520286396,0.6401297699407312,419.0
