dataset,variant,model,acc_test,macro_f1,n_train,n_test,img_size,balanced_max
messidor,aug,LogReg,0.5918854415274463,0.48280700276336186,1673,419,96x96,1000
messidor,aug,LinSVC,0.5823389021479713,0.46731102458872636,1673,419,96x96,1000
messidor,aug,RF,0.6610978520286396,0.4810496991021119,1673,419,96x96,1000
