feature,importance
pix_0,1.1986464760968443e-05
pix_1,4.6871931039864375e-06
pix_2,7.433984758363243e-06
pix_3,1.0060806346970495e-06
pix_4,0.0
pix_5,8.902857134881782e-06
pix_6,5.761343434148325e-06
pix_7,6.386939460298812e-06
pix_8,8.945466262660322e-06
pix_9,1.3435874431558352e-05
